{
  "IcoMoonType": "selection",
  "icons": [
    {
      "icon": {
        "paths": [
          "M880.128 212.787c-85.606-78.592-224.41-78.592-310.016 0l-58.112 53.299-58.163-53.299c-85.606-78.592-224.358-78.592-309.965 0-96.307 88.371-96.307 231.373 0 319.744l368.128 337.869 368.128-337.869c96.256-88.371 96.256-231.424 0-319.744zM825.549 480l-313.549 292.608-313.6-292.608c-31.59-29.030-43.827-66.918-43.827-107.213s7.066-73.37 38.707-102.349c27.904-25.651 65.434-39.782 105.626-39.782 40.141 0 77.67 24.371 105.574 50.074l107.52 93.44 107.469-93.491c27.955-25.702 65.434-50.074 105.626-50.074s77.722 14.131 105.626 39.782c31.642 28.979 38.656 62.054 38.656 102.349s-12.186 78.234-43.827 107.264z"
        ],
        "attrs": [],
        "isMulticolor": false,
        "isMulticolor2": false,
        "tags": [
          "heart-outlined"
        ],
        "grid": 20
      },
      "attrs": [],
      "properties": {
        "id": 181,
        "order": 15,
        "prevSize": 20,
        "code": 59648,
        "name": "heart-outlined"
      },
      "setIdx": 0,
      "setId": 3,
      "iconIdx": 180
    },
    {
      "icon": {
        "paths": [
          "M367.923 981.606c40.397 26.112 87.091 43.776 144.077 42.394 56.883 1.382 103.68-16.282 144.077-42.394l-0.87-111.206h-286.413l-0.87 111.206zM650.086 819.2c0-223.078 237.056-299.418 219.29-521.626-11.162-140.186-106.138-297.472-357.376-297.472s-346.214 157.286-357.427 297.523c-17.766 222.157 219.341 298.496 219.341 521.574h276.173zM256 307.2c10.598-133.018 108.186-204.8 256-204.8 147.763 0 238.285 70.195 248.883 203.213 5.786 72.909-36.096 121.498-92.621 201.011-41.677 58.675-82.074 119.962-105.062 210.176h-102.4c-22.989-90.214-63.386-151.501-105.114-210.227-56.474-79.462-105.523-126.464-99.686-199.373z"
        ],
        "attrs": [],
        "isMulticolor": false,
        "isMulticolor2": false,
        "tags": [
          "light-bulb"
        ],
        "grid": 20
      },
      "attrs": [],
      "properties": {
        "id": 204,
        "order": 16,
        "prevSize": 20,
        "code": 59649,
        "name": "light-bulb"
      },
      "setIdx": 0,
      "setId": 3,
      "iconIdx": 203
    },
    {
      "icon": {
        "paths": [
          "M1024 397.050l-353.78-51.408-158.22-320.582-158.216 320.582-353.784 51.408 256 249.538-60.432 352.352 316.432-166.358 316.432 166.358-60.434-352.352 256.002-249.538zM512 753.498l-223.462 117.48 42.676-248.83-180.786-176.222 249.84-36.304 111.732-226.396 111.736 226.396 249.836 36.304-180.788 176.222 42.678 248.83-223.462-117.48z"
        ],
        "tags": [
          "star-empty",
          "rate",
          "star",
          "favorite",
          "bookmark"
        ],
        "defaultCode": 59863,
        "grid": 16,
        "attrs": []
      },
      "attrs": [],
      "properties": {
        "ligatures": "star-empty, rate",
        "name": "star-empty",
        "order": 14,
        "id": 216,
        "prevSize": 32,
        "code": 59863
      },
      "setIdx": 2,
      "setId": 1,
      "iconIdx": 215
    }
  ],
  "height": 1024,
  "preferences": {
    "showGlyphs": true,
    "showQuickUse": true,
    "showQuickUse2": true,
    "showSVGs": true,
    "fontPref": {
      "prefix": "icon-",
      "metadata": {
        "fontFamily": "icomoon"
      },
      "metrics": {
        "emSize": 1024,
        "baseline": 6.25,
        "whitespace": 50
      },
      "embed": false
    },
    "imagePref": {
      "prefix": "icon-",
      "png": false,
      "useClassSelector": true,
      "color": 0,
      "bgColor": 16777215,
      "classSelector": ".icon",
      "name": "icomoon",
      "height": 32,
      "columns": 16,
      "margin": 16
    },
    "historySize": 50,
    "showCodes": true,
    "gridSize": 16
  }
}